chr,pos_ini,pos_fin,Pop1_vs_Pop1,Pop1_vs_Pop2,Pop1_vs_Pop3,Pop1_vs_Pop4,Pop1_vs_Pop5,Pop2_vs_Pop1,Pop2_vs_Pop2,Pop2_vs_Pop3,Pop2_vs_Pop4,Pop2_vs_Pop5,Pop3_vs_Pop1,Pop3_vs_Pop2,Pop3_vs_Pop3,Pop3_vs_Pop4,Pop3_vs_Pop5,Pop4_vs_Pop1,Pop4_vs_Pop2,Pop4_vs_Pop3,Pop4_vs_Pop4,Pop4_vs_Pop5,Pop5_vs_Pop1,Pop5_vs_Pop2,Pop5_vs_Pop3,Pop5_vs_Pop4,Pop5_vs_Pop5
X,123,123,0,0.9999999999999998,0.4949494949494946,0.22558922558922537,0.22558922558922537,0.9999999999999998,0,0.4949494949494946,0.7095959595959592,0.7095959595959592,0.4949494949494946,0.4949494949494946,0,0.1184573002754821,0.1184573002754821,0.22558922558922537,0.7095959595959592,0.1184573002754821,0,0,0.22558922558922537,0.7095959595959592,0.1184573002754821,0,0
Y,456,456,0,0.9999999999999998,0.4949494949494946,0.2929292929292927,0.2929292929292927,0.9999999999999998,0,0.4949494949494946,0.6969696969696968,0.6969696969696968,0.4949494949494946,0.4949494949494946,0,0.07070707070707047,0.07070707070707047,0.2929292929292927,0.6969696969696968,0.07070707070707047,0,0,0.2929292929292927,0.6969696969696968,0.07070707070707047,0,0
